framecallback_start, ready_flag_end,node_update_start,node_update_time(us),node_update_end,split_preprocess_start,split_preprocess_time(us),split_preprocess_end,split_start,split_time(us),split_end,roi_ethernet_start, roi_total_ethernet_start
1754651126127369,8463496687868977952,1754651126115028,25,1754651126115053,1754651126127371,7,1754651126127378,1754651126127378,120,1754651126127498,1754651126127662,8463496687868977952,
1754651248199911,8463496687868977952,1754651248186686,23,1754651248186709,1754651248199913,13,1754651248199926,1754651248199926,100,1754651248200026,1754651248200198,8463496687868977952,
1754651287199841,8463496687868977952,1754651287169113,21,1754651287169134,1754651287199844,12,1754651287199856,1754651287199856,81,1754651287199937,1754651287200068,8463496687868977952,
1754651404099790,8463496687868977952,1754651404087521,19,1754651404087540,1754651404099794,12,1754651404099806,1754651404099807,93,1754651404099900,1754651404100023,8463496687868977952,
1754651404866444,8463496687868977952,1754651404853853,22,1754651404853875,1754651404866448,14,1754651404866462,1754651404866462,119,1754651404866581,1754651404866846,8463496687868977952,
1754651405300105,8463496687868977952,1754651405288959,23,1754651405288982,1754651405300108,18,1754651405300126,1754651405300127,103,1754651405300230,1754651405300461,8463496687868977952,
1754651405733101,8463496687868977952,1754651405722250,17,1754651405722267,1754651405733104,14,1754651405733118,1754651405733118,115,1754651405733233,1754651405733454,8463496687868977952,
1754651406167147,8463496687868977952,1754651406155589,18,1754651406155607,1754651406167149,14,1754651406167163,1754651406167164,118,1754651406167282,1754651406167515,8463496687868977952,
1754651406599873,8463496687868977952,1754651406588566,26,1754651406588592,1754651406599874,12,1754651406599886,1754651406599886,85,1754651406599971,1754651406600131,8463496687868977952,
1754651407066445,8463496687868977952,1754651407053977,26,1754651407054003,1754651407066450,19,1754651407066469,1754651407066469,119,1754651407066588,1754651407066849,8463496687868977952,
1754651407499762,8463496687868977952,1754651407488512,23,1754651407488535,1754651407499767,16,1754651407499783,1754651407499784,114,1754651407499898,1754651407500587,8463496687868977952,
1754651407966432,8463496687868977952,1754651407953914,18,1754651407953932,1754651407966435,15,1754651407966450,1754651407966451,98,1754651407966549,1754651407966726,8463496687868977952,
1754651408433056,8463496687868977952,1754651408420566,19,1754651408420585,1754651408433059,17,1754651408433076,1754651408433076,108,1754651408433184,1754651408433398,8463496687868977952,
1754651408866390,8463496687868977952,1754651408855183,30,1754651408855213,1754651408866392,12,1754651408866404,1754651408866405,118,1754651408866523,1754651408866768,8463496687868977952,
1754651409300922,8463496687868977952,1754651409288377,22,1754651409288399,1754651409300925,16,1754651409300941,1754651409300942,119,1754651409301061,1754651409301614,8463496687868977952,
1754651409766473,8463496687868977952,1754651409753999,27,1754651409754026,1754651409766476,15,1754651409766491,1754651409766491,113,1754651409766604,1754651409766844,8463496687868977952,
1754651410233054,8463496687868977952,1754651410220631,20,1754651410220651,1754651410233057,16,1754651410233073,1754651410233073,115,1754651410233188,1754651410233452,8463496687868977952,
1754651410666404,8463496687868977952,1754651410655154,23,1754651410655177,1754651410666406,14,1754651410666420,1754651410666420,99,1754651410666519,1754651410666691,8463496687868977952,
1754651411133228,8463496687868977952,1754651411120655,28,1754651411120683,1754651411133231,17,1754651411133248,1754651411133249,169,1754651411133418,1754651411133634,8463496687868977952,
1754651411566454,8463496687868977952,1754651411555308,25,1754651411555333,1754651411566457,13,1754651411566470,1754651411566471,118,1754651411566589,1754651411566838,8463496687868977952,
1754651411999763,8463496687868977952,1754651411988723,28,1754651411988751,1754651411999768,19,1754651411999787,1754651411999787,129,1754651411999916,1754651412000191,8463496687868977952,
1754651412433104,8463496687868977952,1754651412421919,21,1754651412421940,1754651412433108,16,1754651412433124,1754651412433125,117,1754651412433242,1754651412433568,8463496687868977952,
1754651412866396,8463496687868977952,1754651412855231,28,1754651412855259,1754651412866400,16,1754651412866416,1754651412866417,121,1754651412866538,1754651412866774,8463496687868977952,
1754651413299756,8463496687868977952,1754651413288684,27,1754651413288711,1754651413299759,18,1754651413299777,1754651413299777,117,1754651413299894,1754651413300139,8463496687868977952,
1754651413733155,8463496687868977952,1754651413721916,30,1754651413721946,1754651413733158,17,1754651413733175,1754651413733175,121,1754651413733296,1754651413733556,8463496687868977952,
1754651414166500,8463496687868977952,1754651414155256,23,1754651414155279,1754651414166505,18,1754651414166523,1754651414166524,101,1754651414166625,1754651414166829,8463496687868977952,
1754651414599778,8463496687868977952,1754651414588606,25,1754651414588631,1754651414599781,16,1754651414599797,1754651414599798,120,1754651414599918,1754651414600237,8463496687868977952,
1754651415033117,8463496687868977952,1754651415021477,27,1754651415021504,1754651415033119,16,1754651415033135,1754651415033135,121,1754651415033256,1754651415033531,8463496687868977952,
1754651415466477,8463496687868977952,1754651415455432,25,1754651415455457,1754651415466481,18,1754651415466499,1754651415466499,118,1754651415466617,1754651415466858,8463496687868977952,
1754651415899741,8463496687868977952,1754651415888675,26,1754651415888701,1754651415899745,15,1754651415899760,1754651415899760,120,1754651415899880,1754651415900101,8463496687868977952,
1754651416333113,8463496687868977952,1754651416321681,26,1754651416321707,1754651416333116,17,1754651416333133,1754651416333134,117,1754651416333251,1754651416333509,8463496687868977952,
1754651416766570,8463496687868977952,1754651416755312,20,1754651416755332,1754651416766573,12,1754651416766585,1754651416766585,94,1754651416766679,1754651416766880,8463496687868977952,
1754651417233150,8463496687868977952,1754651417220639,24,1754651417220663,1754651417233153,19,1754651417233172,1754651417233172,116,1754651417233288,1754651417233541,8463496687868977952,
1754651417666451,8463496687868977952,1754651417655089,24,1754651417655113,1754651417666454,16,1754651417666470,1754651417666470,106,1754651417666576,1754651417666765,8463496687868977952,
1754651418099820,8463496687868977952,1754651418087934,26,1754651418087960,1754651418099823,17,1754651418099840,1754651418099841,110,1754651418099951,1754651418100143,8463496687868977952,
1754651418533081,8463496687868977952,1754651418521609,25,1754651418521634,1754651418533084,17,1754651418533101,1754651418533102,119,1754651418533221,1754651418533691,8463496687868977952,
1754651418966529,8463496687868977952,1754651418955382,25,1754651418955407,1754651418966532,11,1754651418966543,1754651418966544,160,1754651418966704,1754651418966954,8463496687868977952,
1754651419399801,8463496687868977952,1754651419388845,25,1754651419388870,1754651419399804,15,1754651419399819,1754651419399819,118,1754651419399937,1754651419400304,8463496687868977952,
1754651419866412,8463496687868977952,1754651419853874,26,1754651419853900,1754651419866415,16,1754651419866431,1754651419866431,115,1754651419866546,1754651419866755,8463496687868977952,
1754651420333063,8463496687868977952,1754651420320665,27,1754651420320692,1754651420333067,14,1754651420333081,1754651420333081,116,1754651420333197,1754651420333487,8463496687868977952,
1754651420799755,8463496687868977952,1754651420787194,18,1754651420787212,1754651420799758,17,1754651420799775,1754651420799775,118,1754651420799893,1754651420800164,8463496687868977952,
1754651421266445,8463496687868977952,1754651421254026,21,1754651421254047,1754651421266449,22,1754651421266471,1754651421266471,162,1754651421266633,1754651421266863,8463496687868977952,
1754651421733152,8463496687868977952,1754651421720523,27,1754651421720550,1754651421733155,18,1754651421733173,1754651421733173,95,1754651421733268,1754651421733466,8463496687868977952,
1754651422199758,8463496687868977952,1754651422187218,24,1754651422187242,1754651422199761,16,1754651422199777,1754651422199778,116,1754651422199894,1754651422200150,8463496687868977952,
1754651422666423,8463496687868977952,1754651422653901,27,1754651422653928,1754651422666426,14,1754651422666440,1754651422666440,112,1754651422666552,1754651422666751,8463496687868977952,
1754651423099778,8463496687868977952,1754651423087599,20,1754651423087619,1754651423099783,15,1754651423099798,1754651423099798,129,1754651423099927,1754651423100165,8463496687868977952,
1754651423533118,8463496687868977952,1754651423522273,27,1754651423522300,1754651423533121,16,1754651423533137,1754651423533138,142,1754651423533280,1754651423533572,8463496687868977952,
1754651423966428,8463496687868977952,1754651423955573,23,1754651423955596,1754651423966431,15,1754651423966446,1754651423966446,118,1754651423966564,1754651423966824,8463496687868977952,
1754651424433052,8463496687868977952,1754651424420768,19,1754651424420787,1754651424433055,15,1754651424433070,1754651424433071,117,1754651424433188,1754651424433610,8463496687868977952,
1754651424866480,8463496687868977952,1754651424855434,17,1754651424855451,1754651424866483,14,1754651424866497,1754651424866497,123,1754651424866620,1754651424866817,8463496687868977952,
1754651425299842,8463496687868977952,1754651425288519,20,1754651425288539,1754651425299845,16,1754651425299861,1754651425299861,96,1754651425299957,1754651425300151,8463496687868977952,
1754651425733123,8463496687868977952,1754651425721736,17,1754651425721753,1754651425733128,16,1754651425733144,1754651425733145,169,1754651425733314,1754651425734102,8463496687868977952,
1754651426199771,8463496687868977952,1754651426187307,25,1754651426187332,1754651426199775,16,1754651426199791,1754651426199791,122,1754651426199913,1754651426200155,8463496687868977952,
1754651426666408,8463496687868977952,1754651426653865,28,1754651426653893,1754651426666412,15,1754651426666427,1754651426666428,120,1754651426666548,1754651426666908,8463496687868977952,
1754651427099759,8463496687868977952,1754651427089334,17,1754651427089351,1754651427099763,15,1754651427099778,1754651427099779,124,1754651427099903,1754651427100184,8463496687868977952,
1754651427533076,8463496687868977952,1754651427521883,24,1754651427521907,1754651427533081,15,1754651427533096,1754651427533096,97,1754651427533193,1754651427533419,8463496687868977952,
1754651427999821,8463496687868977952,1754651427987188,24,1754651427987212,1754651427999824,13,1754651427999837,1754651427999837,95,1754651427999932,1754651428000183,8463496687868977952,
1754651428433090,8463496687868977952,1754651428422304,22,1754651428422326,1754651428433093,15,1754651428433108,1754651428433109,98,1754651428433207,1754651428433424,8463496687868977952,
1754651428866413,8463496687868977952,1754651428854673,24,1754651428854697,1754651428866417,16,1754651428866433,1754651428866433,95,1754651428866528,1754651428866703,8463496687868977952,
1754651429299934,8463496687868977952,1754651429287796,22,1754651429287818,1754651429299938,16,1754651429299954,1754651429299955,95,1754651429300050,1754651429300338,8463496687868977952,
1754651429733121,8463496687868977952,1754651429722152,21,1754651429722173,1754651429733125,15,1754651429733140,1754651429733140,97,1754651429733237,1754651429733439,8463496687868977952,
1754651430166426,8463496687868977952,1754651430155146,23,1754651430155169,1754651430166430,16,1754651430166446,1754651430166447,97,1754651430166544,1754651430166725,8463496687868977952,
1754651430599772,8463496687868977952,1754651430588614,22,1754651430588636,1754651430599777,17,1754651430599794,1754651430599795,98,1754651430599893,1754651430600077,8463496687868977952,
1754651431033188,8463496687868977952,1754651431021338,44,1754651431021382,1754651431033191,13,1754651431033204,1754651431033204,94,1754651431033298,1754651431033488,8463496687868977952,
1754651431466559,8463496687868977952,1754651431455099,24,1754651431455123,1754651431466563,17,1754651431466580,1754651431466581,93,1754651431466674,1754651431466980,8463496687868977952,
1754651431899783,8463496687868977952,1754651431888634,22,1754651431888656,1754651431899788,15,1754651431899803,1754651431899803,116,1754651431899919,1754651431900180,8463496687868977952,
1754651432366532,8463496687868977952,1754651432353977,26,1754651432354003,1754651432366536,14,1754651432366550,1754651432366551,91,1754651432366642,1754651432366868,8463496687868977952,
1754651432799719,8463496687868977952,1754651432788676,22,1754651432788698,1754651432799722,16,1754651432799738,1754651432799739,105,1754651432799844,1754651432800033,8463496687868977952,
1754651433233101,8463496687868977952,1754651433221825,23,1754651433221848,1754651433233105,17,1754651433233122,1754651433233123,119,1754651433233242,1754651433233537,8463496687868977952,
1754651433666457,8463496687868977952,1754651433655306,23,1754651433655329,1754651433666461,18,1754651433666479,1754651433666479,236,1754651433666715,1754651433666981,8463496687868977952,
1754651434099755,8463496687868977952,1754651434088623,22,1754651434088645,1754651434099759,17,1754651434099776,1754651434099777,113,1754651434099890,1754651434100346,8463496687868977952,
1754651434533086,8463496687868977952,1754651434521780,23,1754651434521803,1754651434533089,16,1754651434533105,1754651434533105,109,1754651434533214,1754651434533479,8463496687868977952,
1754651434967962,8463496687868977952,1754651434955020,24,1754651434955044,1754651434967967,17,1754651434967984,1754651434967985,96,1754651434968081,1754651434968277,8463496687868977952,
1754651435433109,8463496687868977952,1754651435420551,27,1754651435420578,1754651435433113,16,1754651435433129,1754651435433129,95,1754651435433224,1754651435433450,8463496687868977952,
1754651435866393,8463496687868977952,1754651435855159,23,1754651435855182,1754651435866395,13,1754651435866408,1754651435866408,157,1754651435866565,1754651435867276,8463496687868977952,
1754651436299791,8463496687868977952,1754651436288487,17,1754651436288504,1754651436299793,15,1754651436299808,1754651436299809,96,1754651436299905,1754651436300160,8463496687868977952,
1754651436733090,8463496687868977952,1754651436721722,27,1754651436721749,1754651436733094,15,1754651436733109,1754651436733109,95,1754651436733204,1754651436733406,8463496687868977952,
1754651437199737,8463496687868977952,1754651437187114,20,1754651437187134,1754651437199740,13,1754651437199753,1754651437199753,156,1754651437199909,1754651437200122,8463496687868977952,
1754651437666432,8463496687868977952,1754651437653984,21,1754651437654005,1754651437666436,18,1754651437666454,1754651437666454,96,1754651437666550,1754651437666729,8463496687868977952,
1754651438099766,8463496687868977952,1754651438088636,21,1754651438088657,1754651438099770,17,1754651438099787,1754651438099788,94,1754651438099882,1754651438100060,8463496687868977952,
1754651438533116,8463496687868977952,1754651438521773,21,1754651438521794,1754651438533120,13,1754651438533133,1754651438533133,120,1754651438533253,1754651438533480,8463496687868977952,
1754651438966389,8463496687868977952,1754651438955276,21,1754651438955297,1754651438966393,18,1754651438966411,1754651438966411,116,1754651438966527,1754651438966816,8463496687868977952,
1754651439401275,8463496687868977952,1754651439388564,25,1754651439388589,1754651439401279,16,1754651439401295,1754651439401296,162,1754651439401458,1754651439401712,8463496687868977952,
1754651439866439,8463496687868977952,1754651439853852,26,1754651439853878,1754651439866442,14,1754651439866456,1754651439866456,92,1754651439866548,1754651439866877,8463496687868977952,
1754651440299773,8463496687868977952,1754651440288535,22,1754651440288557,1754651440299777,17,1754651440299794,1754651440299795,94,1754651440299889,1754651440300064,8463496687868977952,
1754651440733123,8463496687868977952,1754651440721918,23,1754651440721941,1754651440733126,17,1754651440733143,1754651440733143,125,1754651440733268,1754651440733500,8463496687868977952,
1754651441199775,8463496687868977952,1754651441187169,28,1754651441187197,1754651441199778,14,1754651441199792,1754651441199793,91,1754651441199884,1754651441200228,8463496687868977952,
1754651441633064,8463496687868977952,1754651441621797,21,1754651441621818,1754651441633068,18,1754651441633086,1754651441633086,93,1754651441633179,1754651441633376,8463496687868977952,
1754651442099745,8463496687868977952,1754651442087121,21,1754651442087142,1754651442099748,14,1754651442099762,1754651442099763,97,1754651442099860,1754651442100032,8463496687868977952,
1754651442533103,8463496687868977952,1754651442521989,21,1754651442522010,1754651442533106,14,1754651442533120,1754651442533121,87,1754651442533208,1754651442533556,8463496687868977952,
1754651442966400,8463496687868977952,1754651442955191,23,1754651442955214,1754651442966404,17,1754651442966421,1754651442966422,95,1754651442966517,1754651442966684,8463496687868977952,
1754651443399766,8463496687868977952,1754651443388721,24,1754651443388745,1754651443399771,18,1754651443399789,1754651443399790,120,1754651443399910,1754651443400342,8463496687868977952,
1754651443834672,8463496687868977952,1754651443821779,21,1754651443821800,1754651443834675,15,1754651443834690,1754651443834690,91,1754651443834781,1754651443834957,8463496687868977952,
1754651444299781,8463496687868977952,1754651444287217,22,1754651444287239,1754651444299784,15,1754651444299799,1754651444299799,93,1754651444299892,1754651444300069,8463496687868977952,
1754651444733062,8463496687868977952,1754651444721747,24,1754651444721771,1754651444733066,17,1754651444733083,1754651444733083,97,1754651444733180,1754651444733382,8463496687868977952,
1754651445199684,8463496687868977952,1754651445187098,21,1754651445187119,1754651445199685,11,1754651445199696,1754651445199696,84,1754651445199780,1754651445199975,8463496687868977952,
1754651445667538,8463496687868977952,1754651445653878,29,1754651445653907,1754651445667541,16,1754651445667557,1754651445667558,94,1754651445667652,1754651445667838,8463496687868977952,
1754651446134550,8463496687868977952,1754651446120554,26,1754651446120580,1754651446134552,13,1754651446134565,1754651446134566,109,1754651446134675,1754651446134871,8463496687868977952,
1754651446599749,8463496687868977952,1754651446587368,25,1754651446587393,1754651446599752,15,1754651446599767,1754651446599768,96,1754651446599864,1754651446600063,8463496687868977952,
1754651447033085,8463496687868977952,1754651447021841,23,1754651447021864,1754651447033089,14,1754651447033103,1754651447033103,95,1754651447033198,1754651447033393,8463496687868977952,
1754651447466314,8463496687868977952,1754651447455253,22,1754651447455275,1754651447466317,14,1754651447466331,1754651447466331,85,1754651447466416,1754651447466592,8463496687868977952,
1754651447901260,8463496687868977952,1754651447888805,22,1754651447888827,1754651447901264,17,1754651447901281,1754651447901281,133,1754651447901414,1754651447901652,8463496687868977952,
1754651448366413,8463496687868977952,1754651448353855,23,1754651448353878,1754651448366418,17,1754651448366435,1754651448366435,102,1754651448366537,1754651448366798,8463496687868977952,
